{"cameraMode":{"drawMode":0,"name":"Shaded","section":"Shading Mode"},"sceneLighting":true,"audioPlay":false,"sceneViewState":{"m_AlwaysRefresh":false,"showFog":true,"showSkybox":true,"showFlares":true,"showImageEffects":true,"showParticleSystems":true,"showVisualEffectGraphs":true,"m_FxEnabled":true},"in2DMode":false,"pivot":{"x":1.6825321912765504,"y":2.5164194107055666,"z":-7.231358051300049},"rotation":{"x":0.19164758920669557,"y":-0.7265846133232117,"z":0.22503851354122163,"w":0.6205518841743469},"size":3.5425496101379396,"orthographic":false}