{"cameraMode":{"drawMode":0,"name":"Shaded","section":"Shading Mode"},"sceneLighting":true,"audioPlay":false,"sceneViewState":{"m_AlwaysRefresh":false,"showFog":true,"showSkybox":true,"showFlares":true,"showImageEffects":true,"showParticleSystems":true,"showVisualEffectGraphs":true,"m_FxEnabled":true},"in2DMode":false,"pivot":{"x":-0.1608787178993225,"y":10.307534217834473,"z":-6.800722599029541},"rotation":{"x":0.00252640713006258,"y":0.9987533092498779,"z":-0.029925860464572908,"w":0.043486688286066058},"size":1.650745153427124,"orthographic":false}