{"cameraMode":{"drawMode":0,"name":"Shaded","section":"Shading Mode"},"sceneLighting":true,"audioPlay":false,"sceneViewState":{"m_AlwaysRefresh":false,"showFog":true,"showSkybox":true,"showFlares":true,"showImageEffects":true,"showParticleSystems":true,"showVisualEffectGraphs":true,"m_FxEnabled":true},"in2DMode":false,"pivot":{"x":-2.4258759021759035,"y":0.08249077200889588,"z":1.3474395275115967},"rotation":{"x":0.0033676961902529,"y":0.7127990126609802,"z":-0.7013604640960693,"w":0.0034217217471450569},"size":11.049159049987793,"orthographic":false}