{"cameraMode":{"drawMode":0,"name":"Shaded","section":"Shading Mode"},"sceneLighting":true,"audioPlay":false,"sceneViewState":{"m_AlwaysRefresh":false,"showFog":true,"showSkybox":true,"showFlares":true,"showImageEffects":true,"showParticleSystems":true,"showVisualEffectGraphs":true,"m_FxEnabled":true},"in2DMode":false,"pivot":{"x":0.45181411504745486,"y":5.495200157165527,"z":-6.060936450958252},"rotation":{"x":-0.012766259722411633,"y":0.9834984540939331,"z":0.07990650087594986,"w":0.16234751045703889},"size":10.933412551879883,"orthographic":true}