{"cameraMode":{"drawMode":0,"name":"Shaded","section":"Shading Mode"},"sceneLighting":false,"audioPlay":false,"sceneViewState":{"m_AlwaysRefresh":false,"showFog":true,"showSkybox":false,"showFlares":true,"showImageEffects":true,"showParticleSystems":true,"showVisualEffectGraphs":true,"m_FxEnabled":true},"in2DMode":false,"pivot":{"x":0.006829261779785156,"y":10.049863815307618,"z":-8.122501373291016},"rotation":{"x":0.00252640713006258,"y":0.9987533092498779,"z":-0.029925860464572908,"w":0.043486688286066058},"size":2.9005239009857179,"orthographic":false}